{
  "2D": 965.132999420166,
  "3D": 11.6870000362396,
  "AssetLib": 188.154000043869,
  "Editor": 4343.7330005169,
  "External": 3178.75900101662
}